date,month,quarter,season,doy,global_lux,direct_lux,diffuse_lux,pressure,snow,temp,temp_max,temp_min,ts,dew_point,wind_speed,wind_direction,uv_index,albedo,optical_depth_55,optical_depth_84,clearness,precip,humidity_specific,humidity_relative,cloud_amt,cloud_depth,water
2012-01-01,Jan,1,Winter,1,27205.73,56475.98,11038.7,99.54,0,7.92,12.3,0.3,7.54,4.45,3.4,278.19,0.33,0.15,0.09,0.06,0.69,1.07,5.43,79.44,32.34,4.16,1.08
2012-01-02,Jan,1,Winter,2,19795.97,28585.67,12446.81,100.16,6.25,-1.71,2.12,-6.07,-1.8,-6.23,3.23,314.62,0.24,0.15,0.08,0.05,0.72,0.07,2.38,72.94,47.47,6.11,0.34
2012-01-03,Jan,1,Winter,3,34130.57,90589.75,6065.27,100.47,0.78,-3.45,0.83,-6.76,-3.45,-8.92,1.58,286.38,0.29,0.16,0.03,0.02,0.73,0,1.89,67.38,11.19,4.84,0.52
2012-01-04,Jan,1,Winter,4,30478.95,87998.1,8085.58,99.8,0,0.82,8.57,-3.67,0.39,-1.75,2.26,222.44,0.33,0.14,0.09,0.05,0.7,0,3.42,82.69,14.4,0.55,0.8
2012-01-05,Jan,1,Winter,5,33506.58,86835.58,6205.51,99.61,0,3.64,11.37,-0.78,3.34,0.45,1.09,241,0.35,0.16,0.04,0.02,0.71,0,3.97,82.56,0.62,NA,0.94
2012-01-06,Jan,1,Winter,6,34056.51,87463.72,6388.27,99.12,0,7.86,16.17,-0.13,7.28,6.19,2.18,208.44,NA,0.15,0.05,0.03,0.73,0.07,6.16,89.12,12.54,NA,0.88
2012-01-07,Jan,1,Winter,7,18128.64,20611.49,12904.42,99.24,0,10.56,14.82,4.9,10.16,8.8,1.78,197,0.3,0.14,0.13,0.09,0.66,1.77,7.32,89.12,69.14,7.83,1.7
2012-01-08,Jan,1,Winter,8,20785.8,16444.59,15812.8,99.71,0,6.16,9.7,3.38,6.03,4.41,1.58,54.5,0.31,0.13,0.15,0.09,0.67,1.8,5.25,89.06,74.06,4.64,1.67
2012-01-09,Jan,1,Winter,9,17086.18,15930.58,12235.12,99.59,0,7.73,13.31,4.22,7.76,5.91,0.91,172.25,0.27,0.13,0.27,0.18,0.64,1.83,5.86,89,76.44,5.87,1.67
2012-01-10,Jan,1,Winter,10,16565.77,8047.49,13570.49,99.04,0,7.36,10.75,2.19,7.15,5.76,1.7,83.81,0.25,0.13,0.15,0.09,0.67,4.39,5.92,90.38,98.35,6.45,2.04
2012-01-11,Jan,1,Winter,11,14929.89,9207.1,12165.41,97.69,0,10.15,13.45,7.23,9.8,9.36,2.56,201.81,0.28,0.13,0.2,0.13,0.65,37.99,7.57,94.44,96.91,19.47,2.19
2012-01-12,Jan,1,Winter,12,7013.24,5991.11,5280.99,98.24,8.59,2.05,7.11,-4.74,2.02,-0.28,3.55,255.94,0.12,0.12,0.18,0.12,0.68,2.13,4.09,85.06,98.22,36.05,0.95
2012-01-13,Jan,1,Winter,13,19813.79,22349.79,12973.53,99.38,10.94,-2.99,0.8,-5.13,-2.82,-6.42,2.54,261.94,0.25,0.14,0.06,0.04,0.73,0.01,2.32,78.56,67.95,6.97,0.48
2012-01-14,Jan,1,Winter,14,21947.36,22810.5,15082.2,99.58,9.38,0.02,6.43,-4.66,-0.33,-1.85,2.19,234.38,0.28,0.13,0.22,0.14,0.68,0.04,3.36,88.69,38.88,5.52,0.67
2012-01-15,Jan,1,Winter,15,35072.16,87569.1,7340.96,100.37,8.59,0.12,6.12,-4.38,0.11,-2.91,1.44,173.81,0.4,0.15,0.06,0.04,0.72,0,3.05,82.12,19.97,NA,0.63
2012-01-16,Jan,1,Winter,16,8982.45,5387.45,7418.74,99.68,7.03,7.27,10.67,1.46,6.71,4.68,4.45,182.94,0.16,0.13,0.37,0.23,0.59,0.95,5.43,83.69,94.45,19.21,1.66
2012-01-17,Jan,1,Winter,17,7974.09,5420.23,6476.27,99.19,0,9.54,17.05,-2.27,9.08,7.6,4.48,260.31,0.15,0.12,0.3,0.2,0.62,8.21,7.14,87.88,95.19,28.93,1.9
2012-01-18,Jan,1,Winter,18,26135.49,28054.61,17017.83,99.84,4.69,-1.84,2.5,-5.75,-1.53,-5.55,1.34,200.12,0.43,0.13,0.03,0.02,0.76,0.33,2.5,78.19,80.46,5.52,0.39
2012-01-19,Jan,1,Winter,19,22349.7,21917.26,16114.79,99.23,13.28,1.84,8.44,-3.98,0.58,-1.22,1.6,200.06,0.28,0.14,0.09,0.05,0.71,0.01,3.54,81.44,64.75,3.48,0.87
2012-01-20,Jan,1,Winter,20,11394.59,6921.09,9152.36,98.86,14.06,8.67,14.98,1.86,8.45,7.47,1.83,131.19,0.21,0.13,0.3,0.2,0.64,6.02,6.9,92.12,93.16,20.41,1.8
2012-01-21,Jan,1,Winter,21,11677.03,13622.59,8046,99.13,5.47,4.37,15.08,1,4.62,3.05,2.45,203.12,0.2,0.13,0.21,0.14,0.69,12.01,5.07,91.62,94.11,18.87,1.43
2012-01-22,Jan,1,Winter,22,13167.36,5457.21,11057.05,98.98,0.78,8.78,14.28,1.12,8.72,7.84,3.27,144.56,0.24,0.13,0.38,0.25,0.61,3.61,6.96,94,96.48,12.41,1.73
2012-01-23,Jan,1,Winter,23,31030.7,47432.28,14654.37,98.75,0,10.61,15.34,2.83,10.1,8.42,3.11,242.31,0.51,0.12,0.22,0.14,0.69,20.86,7.2,87.31,52.87,4.95,1.41
2012-01-24,Jan,1,Winter,24,35478.61,89188.48,11243.05,99.82,0,4.81,11.85,0.68,4.62,2.03,1.13,186.38,0.52,0.16,0.07,0.04,0.73,0,4.46,83.5,21.96,NA,0.77
2012-01-25,Jan,1,Winter,25,10464.53,4650.68,8793,99.54,0,6.82,12.19,0.51,6.78,5.59,1.59,118.5,0.23,0.13,0.31,0.2,0.65,0.7,5.86,92.38,85.06,18.45,1.75
2012-01-26,Jan,1,Winter,26,7938.95,3275.87,6778.6,98.26,0,13.58,17.45,3.75,13.2,12.91,3.24,203.44,0.18,0.13,0.77,0.5,0.59,20.49,9.7,96,99.26,19.47,3.02
2012-01-27,Jan,1,Winter,27,15837.58,10256.32,11981.51,99.01,0,4.93,9.33,2,4.97,2.49,1.7,247.25,0.32,0.14,0.18,0.11,0.7,0.24,4.58,85.12,87.08,10.91,0.96
2012-01-28,Jan,1,Winter,28,38732.82,93862.3,8512.66,99.88,0,3.08,7.18,-1.5,2.45,-0.74,2.27,296.75,0.61,0.16,0.11,0.07,0.74,0.01,3.66,77.94,39.91,NA,0.65
2012-01-29,Jan,1,Winter,29,40832.33,99196.88,7189.25,100.24,0,2.4,9.67,-3.2,1.51,-1.52,1.95,220.62,0.67,0.16,0.05,0.03,0.74,0,3.48,77.06,9.45,NA,0.62
2012-01-30,Jan,1,Winter,30,40195.14,95084.95,7378.59,100.09,0,5.63,13.98,-1.24,5.09,2.02,2.27,204.25,0.54,0.16,0.05,0.03,0.73,0,4.46,79.75,5.61,NA,0.94
2012-01-31,Jan,1,Winter,31,25475.78,31152.69,14557.35,99.79,0,9.29,15,3.81,8.71,6.08,2.94,192,0.42,0.14,0.11,0.07,0.7,0.3,5.98,81.31,71.58,NA,1.34
2012-02-01,Feb,1,Winter,32,18081.6,10138.66,14430.91,99.42,0,13.66,18.74,10.35,13.43,12.58,1.82,221.38,0.35,0.13,0.41,0.27,0.62,13.95,9.22,93.31,87.97,12.17,2.29
2012-02-02,Feb,1,Winter,33,41380.24,94925.52,8080.85,99.93,0,9.24,15.14,4.32,9.01,6.49,1.57,129.56,0.62,0.14,0.15,0.09,0.73,0.49,6.1,84.5,9.91,NA,0.84
2012-02-03,Feb,1,Winter,34,29784.43,16061.28,23591.74,100.06,0,8.33,13.88,2.23,8.04,6.33,1.88,126.75,0.55,0.14,0.26,0.16,0.7,0.49,6.04,87.75,78.93,2.13,1.26
2012-02-04,Feb,1,Winter,35,9150,3376.7,7876.24,99.36,0,12.86,15.65,10.04,12.58,12.15,2.71,213.62,0.21,0.13,0.72,0.46,0.54,11.72,8.97,95.31,99.03,17.85,2.74
2012-02-05,Feb,1,Winter,36,14916.81,7363.18,12231.85,99.6,0,8.64,11.71,5.26,8.73,6.94,1.72,282.06,0.34,0.13,0.34,0.22,0.68,0.44,6.29,89.75,92.11,13.39,1.12
2012-02-06,Feb,1,Winter,37,26407.91,27707.49,15982.91,99.83,0,6.41,10.94,2.69,6.38,3.8,1.14,237.06,0.52,0.12,0.18,0.12,0.71,0.01,5,84.38,59.67,NA,0.88
2012-02-07,Feb,1,Winter,38,39123,69966.23,15845.82,99.86,0,5.37,11.73,-0.42,4.69,1.83,1.18,108.62,0.66,0.12,0.19,0.12,0.72,0.07,4.39,80,45.12,4.44,0.87
2012-02-08,Feb,1,Winter,39,11829.28,6684.72,9564.17,100.09,0,3.2,6.53,-0.35,3.44,1.8,1.69,327.12,0.25,0.13,0.45,0.29,0.65,0.21,4.33,90.94,95.01,21.83,0.97
2012-02-09,Feb,1,Winter,40,26977.91,26597.27,17103.42,100.08,3.12,1.18,6.63,-2.6,1.85,-1.72,1.11,190.5,0.41,0.12,0.35,0.23,0.67,0.01,3.36,83.19,69.09,5.13,0.87
2012-02-10,Feb,1,Winter,41,16297.87,5229.06,13689.57,99.46,7.81,0.6,4.01,-2.95,0.69,-0.92,1.02,199.94,0.29,0.13,0.55,0.35,0.62,1.17,3.6,90.5,98.87,10.58,1.31
2012-02-11,Feb,1,Winter,42,33381.1,48357.24,17105.4,100.18,3.91,-4.06,-1.24,-6.25,-3.67,-8.21,4.02,329.44,0.51,0.16,0.12,0.08,0.77,0.06,2.01,74.25,60.05,8.05,0.34
2012-02-12,Feb,1,Winter,43,48031.69,106059.71,7710.95,100.52,0,-2.84,2.26,-6.25,-2.36,-7.28,1.75,318.62,0.68,0.16,0.03,0.02,0.77,0,2.14,73.5,3.02,NA,0.4
2012-02-13,Feb,1,Winter,44,17610.84,9048.58,14072.47,99.69,5.47,-0.06,5.27,-4.1,-0.18,-3.54,1.41,143.19,0.48,0.12,0.1,0.06,0.73,2.34,2.99,78.88,72.27,7.54,0.98
2012-02-14,Feb,1,Winter,45,7596.17,4760.38,6047.09,99.11,17.19,2.44,4.73,-0.02,1.23,1.69,1.85,210.12,0.25,0.12,0.28,0.18,0.7,2.51,4.33,94.56,95.16,24.99,1.09
2012-02-15,Feb,1,Winter,46,22885.12,8966.35,18680.42,99.44,17.19,5.48,12.23,-0.98,5.03,4.59,1.65,151.12,0.59,0.13,0.36,0.23,0.66,0.84,5.43,92.69,97.05,6.7,1.41
2012-02-16,Feb,1,Winter,47,14503.04,8217.13,10893.8,99.45,17.19,9.95,13.87,5.28,9.88,8.5,2.12,276.12,0.46,0.13,0.34,0.22,0.66,5.44,7.02,91,96.02,14.02,1.38
2012-02-17,Feb,1,Winter,48,37315.09,60828.49,13188.09,99.65,7.81,6.36,12.21,2.38,6.51,3.4,1.61,47.69,0.93,0.15,0.13,0.09,0.73,0.05,4.88,82.94,62.6,2.85,1.07
2012-02-18,Feb,1,Winter,49,17799.45,5647.68,14877.53,99.22,0,6.76,10.23,3.78,5.75,3.99,1.53,55.31,0.56,0.13,0.2,0.13,0.7,0.27,5.13,82.81,95.92,8.35,1.35
2012-02-19,Feb,1,Winter,50,11111.03,5495.06,9061.28,99.01,14.84,1.9,5.5,-3.57,1.71,0.86,2.62,196.75,0.38,0.13,0.24,0.16,0.7,12.72,4.15,92.81,70.55,18.62,1.22
2012-02-20,Feb,1,Winter,51,43267.94,89815.27,7408.35,99.65,17.19,2.38,9.81,-4.08,2.31,-0.08,1.48,106.69,0.88,0.15,0.08,0.05,0.77,0.06,3.85,85,3.91,NA,0.44
2012-02-21,Feb,1,Winter,52,29111.02,36471.99,15279.48,99.08,17.19,8.39,14.07,3.7,7.91,5.89,3.52,220.5,0.74,0.13,0.17,0.11,0.72,1.17,5.86,85.19,50.65,4.95,0.94
2012-02-22,Feb,1,Winter,53,24340.02,18754.62,16133.84,98.13,14.84,9.9,15.19,3.6,9.4,9.3,2.54,219,0.52,0.12,0.27,0.17,0.66,5.8,7.69,96,64.91,5.64,1.62
2012-02-23,Feb,1,Winter,54,37549.43,59578.73,14608.08,97.38,2.34,16.18,21.57,9.83,15.73,14.37,3.52,205.31,0.8,0.11,0.23,0.15,0.7,0.06,10.62,88.94,57.16,2.55,1.71
2012-02-24,Feb,1,Winter,55,22620,14204.23,16410.2,98.71,0,7.77,16.45,0.88,7.59,4.22,3.22,290.88,0.62,0.13,0.11,0.07,0.74,0.01,5.49,79.25,63.72,8.96,0.95
2012-02-25,Feb,1,Winter,56,43901.55,91289.37,9705.58,99.99,0,2.11,8.22,-2.06,2.07,-1.73,2.2,223.62,0.89,0.15,0.05,0.04,0.77,0,3.36,78.62,5.71,NA,0.5
2012-02-26,Feb,1,Winter,57,47028.56,95901.94,6631.14,100.08,0.78,4.89,13.59,-3.68,4.75,0.75,1.91,157.88,1.05,0.16,0.05,0.03,0.77,0,4.15,78.06,5.85,NA,0.59
2012-02-27,Feb,1,Winter,58,40270.84,74273.95,13332.92,100.25,0,10.97,18.62,4.83,10.9,7.67,1.66,201.19,1.02,0.14,0.12,0.08,0.72,0.01,6.59,81.81,35.95,2.27,1.3
2012-02-28,Feb,1,Winter,59,36001.75,58055.13,13199.46,99.86,0,12.15,19.18,4.1,12.15,10.06,2.09,133.06,0.99,0.13,0.23,0.15,0.7,0.11,8,87.94,38.28,NA,1.89
2012-02-29,Feb,1,Winter,60,12336.7,7433.45,9969.77,98.71,0,17.49,20.75,11.05,17,16.27,3.98,218.06,0.42,0.12,0.34,0.22,0.65,12.29,11.84,92.62,69.95,25.27,2.51
2012-03-01,Mar,1,Winter,61,46961.31,90893.41,8626.44,98.71,0,11.91,19.15,4.98,11.47,6.68,1.42,235.94,1.23,0.16,0.11,0.08,0.76,0.01,6.23,73.81,0.68,5.11,0.57
2012-03-02,Mar,1,Winter,62,27179.87,15785.42,19140.66,97.94,0,16.94,23.96,4.61,16.51,14.73,4.14,233,0.7,0.12,0.59,0.38,0.59,11.18,11.17,87.38,59.56,5.27,2.24
2012-03-03,Mar,1,Winter,63,47377.22,92863.6,9281.91,98.8,0,5.74,12.26,0.24,5.96,1.15,1.8,314.81,1.15,0.16,0.09,0.06,0.77,0.31,4.21,75.12,5.61,4.45,0.67
2012-03-04,Mar,1,Winter,64,32441.02,30668.37,20017.95,98.91,0,5.11,9.96,-1.49,5.12,0.59,2.61,271.5,0.73,0.15,0.24,0.16,0.73,0.01,4.09,75.19,62.58,NA,0.72
2012-03-05,Mar,1,Winter,65,46948.63,82127.82,11075.71,100.17,0.78,3.99,8.52,0.19,4.26,-0.86,2.48,247.38,0.97,0.15,0.24,0.16,0.75,0,3.6,72.44,26.58,NA,0.68
2012-03-06,Mar,1,Winter,66,48850.99,91898.8,8284.2,100.31,0,7.74,16.27,-0.9,7.44,2.77,2.97,167,1.23,0.16,0.09,0.06,0.76,0,4.76,73,24.05,NA,0.73
2012-03-07,Mar,1,Winter,67,32742.8,22810.7,23426.92,100.05,0,12.9,17.9,6.74,12.57,10.08,3.8,173.06,0.97,0.15,0.21,0.14,0.7,0.01,7.81,83.38,57.26,NA,1.41
2012-03-08,Mar,1,Winter,68,4458.52,2667.7,3664.85,99.66,2.34,12.12,17.98,3.45,11.84,10.62,3.65,217.62,0.16,0.12,0.45,0.29,0.65,43.57,8.3,90.62,99.6,46.62,2.76
2012-03-09,Mar,1,Winter,69,50221.01,85998.8,11196.05,100.47,10.16,6.01,13.35,1.05,6.01,2.01,2.55,127.25,1.48,0.16,0.05,0.04,0.77,1.37,4.39,77.75,38.43,NA,0.6
2012-03-10,Mar,1,Winter,70,52975.2,100016.22,6892.35,100.4,8.59,6.98,15.76,-1.56,6.74,1.88,1.52,80,1.21,0.16,0.04,0.02,0.77,0,4.39,73.5,0.21,NA,0.55
2012-03-11,Mar,1,Winter,71,34355.12,23159.49,24000.16,100.08,2.34,11.08,16.71,4.63,10.73,8.44,2.64,151.94,1.05,0.15,0.38,0.24,0.71,0.17,7.14,84.06,66.16,4.44,1.72
2012-03-12,Mar,1,Winter,72,16891.81,10627.02,12676.41,99.51,0,16.58,19.94,13.9,16.33,15.26,3.78,179,0.59,0.15,0.37,0.24,0.67,2.02,10.93,91.94,75.55,18.59,2.84
2012-03-13,Mar,1,Winter,73,45904.63,77457.55,15546.05,99.6,0,18.79,24.51,14.56,18.61,16.15,1.69,223.62,1.26,0.15,0.14,0.09,0.71,0.16,11.54,86.06,21.7,2.84,1.84
2012-03-14,Mar,1,Winter,74,46399.72,82106.54,14599.29,99.7,0,18.9,25.28,12.94,18.69,16.63,1.42,210.88,1.14,0.16,0.14,0.09,0.71,1.17,11.9,86.38,28.62,NA,2.04
2012-03-15,Mar,1,Winter,75,26679.16,19665.21,16289.75,99.77,0,19.11,24.99,15.69,18.8,17.18,1.37,208.69,0.76,0.12,0.36,0.23,0.65,11.24,12.33,89.62,70.95,16.86,2.67
2012-03-16,Mar,1,Winter,76,28673.71,20361.84,18148.52,99.58,0,18.11,21.62,15.12,17.83,16.78,1.48,212.31,0.89,0.15,0.38,0.24,0.66,5.31,12.02,92.25,74.78,10.5,2.88
2012-03-17,Mar,1,Winter,77,36612.78,36096.72,19369.91,99.59,0,18.56,22.98,14.58,18.29,17.25,1.41,198.5,1.14,0.14,0.32,0.2,0.67,6.06,12.45,92.25,71.42,8.12,2.87
2012-03-18,Mar,1,Winter,78,44191.6,50222.7,21196.18,99.6,0,19.3,24.71,15.49,19.02,16.85,1.77,191.62,1.3,0.15,0.21,0.14,0.69,0.29,12.08,86.19,50.3,2.66,2.55
2012-03-19,Mar,1,Winter,79,42156.52,30074.86,26216.9,99.37,0,19.73,25.4,14.65,19.42,16.28,1.97,180,1.29,0.13,0.38,0.25,0.67,0,11.72,81.88,70.88,1.53,2.34
2012-03-20,Mar,1,Winter,80,43887.42,43724.56,22048.62,99.29,0,20.4,26.12,16.29,19.97,17.33,1.98,158.44,1.3,0.14,0.36,0.23,0.66,0,12.51,83.69,56.48,2.73,2.64
2012-03-21,Mar,1,Winter,81,47342.78,46170.34,23477.9,99.31,0,20.31,25.2,16.53,20.01,16.97,2.74,144.5,1.51,0.14,0.27,0.17,0.69,0.01,12.21,82,54.91,2.04,2.38
2012-03-22,Mar,1,Winter,82,23809.49,6928.62,19861.89,99.23,0,19.82,23.76,17.65,19.65,17.82,2.77,149.25,0.94,0.15,0.41,0.27,0.66,4.05,12.88,88.56,97.13,8.77,3.39
2012-03-23,Mar,1,Winter,83,38312.73,33994.24,20892.8,98.82,0,18.58,23.23,12.05,18.44,15.44,2.46,213.25,1.27,0.15,0.36,0.23,0.69,3.17,11.17,83.31,66.6,6.29,2.5
2012-03-24,Mar,1,Winter,84,29337.77,21467.14,20013.46,98.77,0,12.01,15.89,8.83,11.73,10.03,1.71,278.19,0.86,0.14,0.29,0.19,0.7,2.87,7.81,87.69,59.48,8.52,1.77
2012-03-25,Mar,1,Winter,85,45302.6,44554.92,21246.98,99.01,0,14.88,21.48,7.89,14.99,11.83,1.48,315.88,1.29,0.15,0.26,0.16,0.7,0,8.85,83.19,34.7,NA,1.73
2012-03-26,Mar,1,Winter,86,55556.15,93920.26,10819.59,99.43,0,16.05,23.08,10.15,16.05,12.86,1.66,27.88,1.76,0.16,0.16,0.1,0.72,0,9.4,81.44,4.23,3.8,1.88
2012-03-27,Mar,1,Winter,87,56488.93,97135.96,10938.34,99.52,0,16.03,24.38,6.93,15.95,11.87,1.83,143.44,1.84,0.16,0.13,0.09,0.73,0,8.97,78.31,33.3,0.67,1.65
2012-03-28,Mar,1,Winter,88,42487.89,39463.9,21451.96,99.24,0,19.32,23.98,14.62,18.93,17.13,1.78,225.12,1.49,0.13,0.35,0.23,0.67,0,12.39,87.69,40.56,2.27,2.16
2012-03-29,Mar,1,Winter,89,44924.87,42503.91,21605.23,99,0,19.96,25.26,15.35,19.79,16.73,1.11,239.69,1.57,0.14,0.41,0.27,0.68,0.02,12.08,83.06,48.61,1.89,2.23
2012-03-30,Mar,1,Winter,90,36649.51,15997.19,27664.55,98.73,0,17.95,21.4,14.76,17.68,16.66,1.38,206.19,1.35,0.15,0.45,0.3,0.67,0.84,12.02,91.38,62.12,2.5,2.52
2012-03-31,Mar,1,Winter,91,39807.45,52029.75,18729.51,98.65,0,18.89,24.57,14.47,18.25,16.25,0.84,231.12,1.55,0.15,0.23,0.16,0.7,2.53,11.78,84.94,33.03,4.2,2.27
2012-04-01,Apr,2,Spring,92,47621.98,65253.16,18223.88,98.47,0,20.53,26.52,15.08,20.3,17.84,1.64,222.62,1.48,0.16,0.23,0.15,0.7,0.21,13.06,85.25,21.82,3.62,2.32
2012-04-02,Apr,2,Spring,93,46473.51,53430.01,20546.05,98.54,0,22.17,28.4,16.55,22.12,18.74,1.38,227.5,1.55,0.14,0.34,0.21,0.67,0,13.79,82.44,13.22,4.08,2.28
2012-04-03,Apr,2,Spring,94,46670.84,37609.34,25390.71,98.76,0,21.49,27.33,16.28,21.37,18.1,1,229.62,1.73,0.16,0.29,0.19,0.7,0.04,13.18,82.19,65.93,1.36,2.75
2012-04-04,Apr,2,Spring,95,46115,49883.93,20255.2,98.41,0,20.53,25.49,15.31,20.55,17.59,1.24,231.81,1.56,0.15,0.36,0.23,0.68,0.88,12.82,83.69,49.75,3.52,2.88
2012-04-05,Apr,2,Spring,96,22862.02,8398.31,18309.65,98.29,0,16.92,22.39,11.11,16.97,14.48,1.67,160.88,0.92,0.16,0.71,0.46,0.67,16.35,10.56,86.06,68.95,12.2,2.12
2012-04-06,Apr,2,Spring,97,57451.6,95290.52,10830.3,99.26,0,10.95,16.98,5.61,11.32,5.85,2.41,29.81,1.7,0.17,0.17,0.11,0.77,0,5.86,73.31,1.92,NA,0.78
2012-04-07,Apr,2,Spring,98,57169.38,92683.41,13002.87,99.75,0,14.02,21.73,4.48,13.99,7.77,0.86,156.75,1.88,0.17,0.11,0.07,0.77,0,6.65,69.88,34.2,2.59,0.88
2012-04-08,Apr,2,Spring,99,52547.51,61405.07,20830.55,99.78,0,14.23,20.51,7.77,14.3,9.72,1.74,283.12,1.94,0.16,0.23,0.15,0.73,0,7.57,76.06,58.6,2.17,1.26
2012-04-09,Apr,2,Spring,100,57801.73,96723.8,9749.93,99.5,0,13.32,20.76,6.7,12.54,6.8,1.46,223.06,1.87,0.18,0.15,0.09,0.76,0,6.29,67.12,1.17,NA,0.96
2012-04-10,Apr,2,Spring,101,47214.62,61038.23,16717.45,99.35,0,12.39,18.63,4.94,12.08,6.26,1.85,309.94,1.49,0.19,0.16,0.11,0.74,0,6.04,68.94,30.66,NA,1.17
2012-04-11,Apr,2,Spring,102,58706.28,99156.72,11290.91,99.69,0,7.82,13.83,2.95,8.12,1.6,1.8,200,1.61,0.19,0.1,0.07,0.77,0,4.27,68.38,1.65,NA,0.64
2012-04-12,Apr,2,Spring,103,60597.03,101447.28,8662.91,99.81,0,9.34,16.36,0.62,9.26,2,0.92,91.12,1.53,0.19,0.06,0.05,0.78,0,4.46,63.88,10.03,NA,0.62
2012-04-13,Apr,2,Spring,104,48907.62,48302.08,26142.12,99.64,0,13.5,20.5,4.89,13.58,7.01,1.21,130.69,1.57,0.18,0.21,0.14,0.73,0.05,6.41,67.38,59.2,2.56,1.8
2012-04-14,Apr,2,Spring,105,42920.05,20510.91,29444.63,99.43,0,17.79,23.42,12.53,17.58,13.57,2.7,179.81,1.33,0.13,0.7,0.45,0.62,0.21,9.83,77.56,66.47,2.78,2.37
2012-04-15,Apr,2,Spring,106,48400.73,46851.23,25485.86,99.15,0,19.87,24.83,14.05,19.8,16.26,3.17,182.62,1.66,0.18,0.34,0.22,0.71,0.04,11.66,80.62,24.75,2.8,1.94
2012-04-16,Apr,2,Spring,107,38111.93,16660.62,27623.21,99.43,0,17.18,19.77,12.14,16.89,14.01,2.23,239.75,1.47,0.16,0.36,0.23,0.69,5.21,10.19,82.75,77.69,7.65,2.63
2012-04-17,Apr,2,Spring,108,15635.07,5340.07,12558.47,99.94,0,12.83,16.01,10.64,12.72,10.51,1.81,21.44,0.65,0.16,0.32,0.21,0.71,4.07,7.93,86.12,99.88,16.51,1.94
2012-04-18,Apr,2,Spring,109,55258.85,85013.13,10543.21,99.5,0,14.46,20.96,8.01,14.14,9.05,1.73,24.25,1.94,0.16,0.23,0.16,0.74,0.09,7.26,72.38,16.15,NA,1.2
2012-04-19,Apr,2,Spring,110,56893.01,91031.79,8993.88,99.1,0,15.9,22.82,7.62,15.48,10.26,1.24,133.75,2.12,0.17,0.11,0.07,0.76,0.01,7.93,71.69,0.62,NA,1.17
2012-04-20,Apr,2,Spring,111,42178.3,30430.54,23641.3,98.61,0,17.32,23.49,11.52,17.37,14.21,1.88,213.69,1.61,0.14,0.48,0.31,0.7,5.99,10.31,83.38,53.71,NA,2.06
2012-04-21,Apr,2,Spring,112,15633.35,5998.11,11973.83,98.79,0,11.07,15.87,7.7,11.81,8.17,2.2,336.19,0.75,0.15,0.41,0.27,0.73,6.53,6.9,83.25,98.46,28.5,1.69
2012-04-22,Apr,2,Spring,113,40224.77,36733.23,21545.52,98.7,0,9.93,14.76,5.8,10.47,5.62,2.38,311.88,1.31,0.16,0.27,0.18,0.73,0.23,5.74,76.38,59.75,8.07,1.21
2012-04-23,Apr,2,Spring,114,56906.16,81562.34,9204.81,98.92,0,8.77,14.58,2.78,9.12,1.76,2.71,319.94,1.61,0.17,0.11,0.07,0.78,0.04,4.46,65.94,20.95,3.24,0.79
2012-04-24,Apr,2,Spring,115,33493.12,22416,20767.59,98.68,0,12.76,19.75,4.27,12.85,7.34,2.01,262.94,1.07,0.16,0.23,0.15,0.73,0.12,6.59,72.75,65.05,7.61,1.6
2012-04-25,Apr,2,Spring,116,41624.86,36320.19,23333.02,98.39,0,19.11,26.47,11.21,19,14.89,2.66,217.75,1.41,0.16,0.32,0.21,0.7,1,10.93,77.94,47.12,5,2.44
2012-04-26,Apr,2,Spring,117,29434.61,14597.86,21076.39,98.6,0,21.47,26.49,16.51,21.3,18.8,2.51,234.75,1.2,0.15,0.48,0.31,0.67,3.63,13.85,85.31,80.15,10.93,2.93
2012-04-27,Apr,2,Spring,118,46415.59,40969.03,21909.25,99.21,0,15.98,20.08,10.16,16.12,11.7,1.69,68.94,1.85,0.16,0.24,0.16,0.72,0.61,8.79,77.06,55.99,3.35,2.46
2012-04-28,Apr,2,Spring,119,51737.54,55130.14,21780.38,99.11,0,20.56,26.3,15.31,20.53,16.91,2.02,197.38,1.88,0.12,0.34,0.21,0.7,0.03,12.21,81.38,51.25,2.59,2.12
2012-04-29,Apr,2,Spring,120,46203.04,20281,33009.48,99.36,0,21.84,27.85,15.62,21.82,17.73,1.26,192.19,1.68,0.16,0.48,0.3,0.68,0,12.82,79.19,79.7,1.25,2.38
2012-04-30,Apr,2,Spring,121,42006.7,17069.9,30207.91,99.3,0,22.18,27.32,16.06,22.04,18.71,1.85,214.19,1.51,0.15,0.55,0.36,0.66,1.44,13.67,82,80.13,2.48,2.74
2012-05-01,May,2,Spring,122,44762.99,24099.58,28820.4,99.19,0,22.8,27.17,18.54,22.51,19.99,1.6,199.56,1.64,0.13,0.45,0.29,0.66,0.76,14.77,85,66.7,2.25,2.84
2012-05-02,May,2,Spring,123,50930.38,54029.28,22859.85,99.24,0,23.41,27.83,19.7,23.07,20.19,1.32,189.94,2.02,0.15,0.26,0.16,0.7,0.17,14.95,82.88,50.05,1.62,2.88
2012-05-03,May,2,Spring,124,26177.09,7589.43,21445.48,99.31,0,20.61,22.3,18.15,20.43,19.4,1.52,176.56,1.14,0.16,0.35,0.23,0.68,1.73,14.22,92.69,78.07,8.4,3.42
2012-05-04,May,2,Spring,125,48150.27,45137.3,21976.73,99.16,0,22.24,27.06,17.69,22.15,19.92,1.47,202.75,1.95,0.13,0.34,0.22,0.69,3.02,14.77,87.31,30.43,4.56,3.14
2012-05-05,May,2,Spring,126,46806.75,40257.23,22986.11,98.94,0,23.08,27.02,19.08,22.33,20.4,1,238.25,1.99,0.14,0.55,0.35,0.66,6.73,15.26,85.56,59.33,4.33,3.42
2012-05-06,May,2,Spring,127,53578.38,68091.2,16740.77,98.92,0,23.53,27.95,19.56,22.84,19.92,0.62,217.38,2.18,0.14,0.3,0.2,0.7,5.03,14.77,81.25,52.78,3.26,3.06
2012-05-07,May,2,Spring,128,42534.57,18871.38,29953.18,98.71,0,21.19,25.91,16.44,21.26,18.87,1.5,205.19,1.77,0.13,0.46,0.3,0.66,2.82,13.92,87.19,82.91,4.89,3.62
2012-05-08,May,2,Spring,129,35414.41,18394.69,23762.12,98.8,0,20.01,25.24,15.63,20.26,16.4,1.35,289,1.51,0.15,0.55,0.35,0.68,0.74,11.9,81.19,86.62,7.82,2.77
2012-05-09,May,2,Spring,130,53989.3,78507.09,15956.19,98.82,0,17.4,23.2,11.91,17.44,11.5,1.49,262,2.19,0.17,0.24,0.16,0.75,0.32,8.61,70.75,39.95,5.93,1.66
2012-05-10,May,2,Spring,131,59890.82,94870.45,13675.02,99.02,0,15.87,22.2,9.77,16.26,10.51,1.24,217,NA,0.18,0.12,0.08,0.76,0,8,73,5.27,NA,1.38
2012-05-11,May,2,Spring,132,57912.44,63044.22,21841.64,99.49,0,16.67,23.58,8.59,16.8,9.53,1.36,96.12,NA,0.17,0.07,0.05,0.77,0,7.51,65.69,51.53,NA,1.23
2012-05-12,May,2,Spring,133,18113.71,6073.62,14347.03,99.59,0,18.01,22.8,13.91,17.91,15.55,1.59,125.12,0.79,0.15,0.52,0.34,0.66,21.79,11.17,85.94,99.62,26.62,3.07
2012-05-13,May,2,Spring,134,11541.46,3941.84,9526.32,99.06,0,18.98,23.39,16,19,17.36,1.5,229.62,0.52,0.15,0.27,0.18,0.71,30.01,12.57,90.75,99.59,42.01,3.91
2012-05-14,May,2,Spring,135,31610.16,16615.61,22050.24,99.05,0,18.54,23.33,14.43,18.85,15.94,1.49,151.25,1.26,0.16,0.35,0.23,0.7,3.48,11.47,85.81,79.1,9.34,2.9
2012-05-15,May,2,Spring,136,51532.67,40789.8,25610.34,99.16,0,19.9,24.9,14.43,18.93,14.48,1.05,49.5,1.74,0.13,0.35,0.23,0.69,0.01,10.44,72.81,36.54,NA,2.08
2012-05-16,May,2,Spring,137,57405.55,78060.62,18777.7,99.07,0,21.77,27.23,13.71,20.56,13.8,0.77,287.12,1.94,0.15,0.31,0.2,0.72,0,10.01,62.62,7.79,3.73,1.77
2012-05-17,May,2,Spring,138,53918.87,58231.98,20520.22,99.05,0,21.8,27.66,16.06,21.31,15.84,0.7,108.44,1.92,0.15,0.29,0.19,0.71,0.41,11.47,70.69,19.36,4.35,2.2
2012-05-18,May,2,Spring,139,56268.1,73818.07,17774.44,99.14,0,22.18,28.22,15.2,22.15,17.31,0.93,150.12,1.91,0.15,0.32,0.2,0.7,0.48,12.51,76.12,11.61,NA,2.38
2012-05-19,May,2,Spring,140,49470.38,52439.07,20334.26,99.38,0,22.02,26.83,16.57,21.88,17.98,1.06,168.69,1.98,0.14,0.3,0.19,0.7,2.51,13.06,78.94,29.14,NA,2.71
2012-05-20,May,2,Spring,141,49910.19,56488.87,19858.52,99.42,0,23.25,28.29,16.72,22.51,17.69,0.74,207.81,1.92,0.14,0.34,0.21,0.7,1.82,12.82,72.5,27.09,7.46,2.62
2012-05-21,May,2,Spring,142,37082.53,17854.58,24765.19,99.2,0,20.73,24.44,17.33,20.81,17.8,0.89,328.06,1.59,0.14,0.72,0.46,0.66,5.08,12.88,83.88,82.65,8.22,3.09
2012-05-22,May,2,Spring,143,44193.56,32536.67,22450.06,98.9,0,18.97,23.88,14.95,18.94,13.91,1.38,334.19,1.67,0.12,0.49,0.31,0.69,0.09,10.07,74,54.12,3.31,2.04
2012-05-23,May,2,Spring,144,49961.69,50796.7,21567.54,98.72,0,20.23,26.16,13.39,19.44,13.16,0.74,186.62,1.66,0.12,0.52,0.33,0.67,0,9.64,65.38,13.2,2.21,1.55
2012-05-24,May,2,Spring,145,57356.45,88765.23,11314,98.71,0,22.08,29.21,13.44,21.85,16.8,1.8,176.75,2.16,0.16,0.23,0.15,0.73,0,12.33,73.56,2.64,NA,1.83
2012-05-25,May,2,Spring,146,52064.16,56154.38,20451.02,99.25,0,24.34,30.44,19.07,24.16,19.3,1.54,198.75,1.92,0.13,0.55,0.36,0.65,0,14.16,75.19,4.38,NA,2.84
2012-05-26,May,2,Spring,147,55835.88,83007.8,13606.96,99.48,0,25.17,31.38,17.81,24.63,18.66,0.6,194.44,NA,0.15,0.27,0.18,0.7,0,13.61,69.06,0.27,NA,2.41
2012-05-27,May,2,Spring,148,52816.72,61991.51,19355.62,99.24,0,26.29,31.95,19.61,25.8,19.33,0.58,142.81,NA,0.15,0.32,0.22,0.69,0.01,14.22,67.44,15.23,NA,2.79
2012-05-28,May,2,Spring,149,47415.31,40900.36,22314.39,98.94,0,26.03,31.33,20.99,25.91,20.31,1.12,168,2.22,0.14,0.45,0.3,0.66,0.42,15.14,72.19,24.88,6.2,3.66
2012-05-29,May,2,Spring,150,41001.47,32030.87,21987.42,98.73,0,24.21,28.38,19.1,24.24,20.55,1.3,181.44,1.92,0.14,0.48,0.31,0.66,6.74,15.38,80.75,47.59,5.54,3.38
2012-05-30,May,2,Spring,151,52871.03,60768.05,20079.09,98.75,0,22.57,30.05,15.76,22.61,15.95,0.98,118.88,2.42,0.14,0.25,0.16,0.73,0.07,11.54,70.12,24.98,NA,1.82
2012-05-31,May,2,Spring,152,48131.4,37907.51,25103.56,98.44,0,22.92,29.97,16.23,22.99,17.89,1.86,155.25,2.17,0.16,0.36,0.23,0.7,4.11,13.12,75.69,56.95,5.33,2.88
2012-06-01,Jun,2,Spring,153,25203.66,8990.61,19458.13,98.63,0,17.5,21.59,13.16,18.04,12.24,1.89,307.94,1.23,0.15,0.64,0.41,0.7,2.87,9.22,73.56,84.15,14.85,2.04
2012-06-02,Jun,2,Spring,154,50671.25,60277.05,19480.58,98.94,0,18.36,24.64,10.5,18.56,11.26,1.12,263.06,2.03,0.16,0.28,0.18,0.72,0.02,8.54,65.69,21.2,5.97,1.97
2012-06-03,Jun,2,Spring,155,50281.48,44767.92,24367.32,98.84,0,23.01,30.51,14.4,23.51,16.66,1.13,264.12,2.02,0.16,0.41,0.26,0.7,3.62,12.15,71.06,50.02,4.67,2.65
2012-06-04,Jun,2,Spring,156,47769.11,25773.23,30028.73,98.54,0,23.77,29.4,18.67,24.12,19.37,0.7,234.06,2.02,0.15,0.59,0.38,0.67,8.8,14.34,78.56,84.29,5.56,3.49
2012-06-05,Jun,2,Spring,157,53499.86,65631.91,16981.43,98.54,0,21.01,26.64,15.53,21.39,15.37,1.98,61.56,2.29,0.16,0.21,0.14,0.73,1.28,11.17,72.94,32.32,NA,2.27
2012-06-06,Jun,2,Spring,158,50642.49,57676.38,20781.5,98.94,0,19.44,25.27,13.01,20.09,13.19,1.63,24.81,1.98,0.14,0.26,0.16,0.72,0,9.58,69.94,23.95,NA,1.62
2012-06-07,Jun,2,Spring,159,53398.51,54961.41,23626.52,99.21,0,20.51,27.47,12.73,21.1,13.3,1.52,46.88,2.16,0.16,0.12,0.08,0.75,0,9.64,66.81,40.47,1.8,1.56
2012-06-08,Jun,2,Spring,160,60008.06,91033.15,9052.33,99.19,0,22.65,29.97,14.25,23.03,12.98,1.16,78.19,2.59,0.16,0.12,0.07,0.75,0,9.46,59.31,4.89,NA,1.52
2012-06-09,Jun,2,Spring,161,49511.03,29901.45,28600.69,99.05,0,24,29.61,18.3,24.08,15.99,1.48,167.62,2.19,0.14,0.28,0.18,0.71,0,11.47,63.06,82.66,1.55,2.27
2012-06-10,Jun,2,Spring,162,25671.18,6898.04,20812.11,99.01,0,21.91,26.55,18.15,22.1,18.47,1.79,137.56,1.29,0.15,0.55,0.37,0.66,3.36,13.55,81.25,97.84,9.94,4.3
2012-06-11,Jun,2,Spring,163,32964.05,10297.09,25782.51,98.95,0,24.24,29,20.52,24.46,20.96,1.38,217.25,1.55,0.15,0.73,0.48,0.66,9.6,15.75,83.31,96.97,6.67,4.31
2012-06-12,Jun,2,Spring,164,36536,13365.91,27180.52,99.09,0,23.94,28.98,18,24.36,18.41,1.55,318.69,1.61,0.15,0.71,0.46,0.66,0.33,13.55,73.69,90.7,6.75,2.8
2012-06-13,Jun,2,Spring,165,60486.51,90656.72,9832.42,99.16,0,22.74,30.19,15.63,23.18,12.48,1.61,65.31,2.75,0.15,0.12,0.08,0.77,0,9.16,56.75,28.33,NA,1.2
2012-06-14,Jun,2,Spring,166,58817.16,87843.17,10561.55,99.19,0,24.51,32.63,15.7,25.22,15.01,1.05,56.62,2.52,0.16,0.14,0.09,0.73,0.01,10.8,60.12,21.77,1.72,2.04
2012-06-15,Jun,2,Spring,167,52346.27,65108.75,17131.86,99.37,0,26.03,32.6,19.8,26.63,18.8,1.48,167.88,2.23,0.16,0.27,0.18,0.7,1.24,13.73,67.44,35.82,3.98,3.19
2012-06-16,Jun,2,Spring,168,43771.05,23395.7,28029.7,99.54,0,26.12,31.78,20.77,26.73,18.52,1.58,178.38,1.83,0.13,0.51,0.33,0.66,0.42,13.43,65,51.97,2.48,3.72
2012-06-17,Jun,2,Spring,169,37710.26,16997.05,26659.73,99.22,0,26.06,32.41,19.92,26.66,17.02,1.8,203.06,1.55,0.12,0.5,0.33,0.66,0.62,12.27,60,60.65,3.7,3.58
2012-06-18,Jun,2,Spring,170,51815.26,56674.12,21543.34,99.1,0,26.36,32.99,18.99,27.09,16.9,1.79,195.5,2.27,0.14,0.28,0.19,0.7,0,12.15,58.75,25.16,2.62,3.3
2012-06-19,Jun,2,Spring,171,52908.35,68502.34,18659.23,99.39,0,26.85,33.75,19.81,27.65,16.82,1.54,181.56,2.21,0.14,0.24,0.16,0.7,0,12.08,57.38,13.53,NA,2.85
2012-06-20,Jun,2,Spring,172,54042.94,70511.21,17993.67,99.43,0,27.37,34.69,19.61,28.28,15.98,1.27,181.56,2.29,0.13,0.32,0.2,0.7,0,11.47,54.31,21.31,3.16,2.77
2012-06-21,Jun,2,Spring,173,52405.18,61797.13,19064.66,99.12,0,28.31,35.01,20.69,29.42,17.43,0.58,254.25,2.34,0.15,0.34,0.21,0.7,0.04,12.63,55.19,46.92,2.84,3.23
2012-06-22,Jun,2,Spring,174,54215.27,62585.36,20036.23,98.89,0,27.44,34.09,20.97,28.52,17,1.32,205.38,2.4,0.16,0.38,0.23,0.69,0.01,12.33,55.62,18.65,2.79,3.08
2012-06-23,Jun,2,Spring,175,57254.7,82299.94,14896.98,98.95,0,27.14,35.36,18.4,28.2,13.96,1.27,40.56,2.54,0.15,0.21,0.14,0.73,0,10.13,49.44,17.3,NA,2.05
2012-06-24,Jun,2,Spring,176,57157.84,86838.77,13525.67,98.88,0,28.16,36.96,19.15,29.04,13.42,1.38,46.38,NA,0.14,0.23,0.16,0.72,0,9.89,46.5,4.52,NA,2.23
2012-06-25,Jun,2,Spring,177,54419.34,65674.01,20233.85,98.56,0,28.83,37.17,19.58,29.73,15.54,1.91,44.69,2.4,0.16,0.25,0.16,0.7,0,11.23,48.19,11.64,NA,2.9
2012-06-26,Jun,2,Spring,178,62593.34,98596.08,7354.48,98.75,0,24.38,32.31,17.49,25.22,7.3,2.4,39.81,2.74,0.16,0.07,0.05,0.78,0,6.65,38.81,0.28,NA,1.02
2012-06-27,Jun,2,Spring,179,59631.48,85270.02,9652.88,99.01,0,26.37,36.81,14.62,26.96,8.62,0.98,85.19,NA,0.15,0.12,0.08,0.75,0.01,7.14,38.62,0.19,NA,1.44
2012-06-28,Jun,2,Spring,180,57345.39,85128.08,12508.61,99.07,0,29.81,41.01,18.05,30.43,11.01,1.46,254.38,NA,0.16,0.18,0.12,0.73,0.01,8.42,37.25,5.67,NA,2.24
2012-06-29,Jun,2,Spring,181,55513.55,74158.55,17277.12,98.79,0,33.1,42.74,22.12,33.14,14.82,0.95,254.56,2.45,0.15,0.31,0.2,0.68,0,10.74,38.06,22.18,2.31,3.73
2012-06-30,Jun,2,Spring,182,55614.9,75742.77,16820.24,98.68,0,33.18,42.21,23.88,34.15,16.07,1.16,264.62,2.47,0.16,0.35,0.23,0.68,0,11.66,40.25,7.92,1.15,3.31
2012-07-01,Jul,3,Summer,183,53240.52,55748.47,20788.78,98.98,0,33.38,41.44,24.86,34.69,17.63,1.24,294.5,2.3,0.14,0.47,0.31,0.66,0.02,12.82,42.31,40.95,NA,3.83
2012-07-02,Jul,3,Summer,184,38316.67,25079.76,22554.8,99.18,0,31.13,37.86,25.46,32.25,19.69,1.21,238.62,1.79,0.12,0.63,0.43,0.63,3.56,14.59,53.25,76.76,9.3,4.16
2012-07-03,Jul,3,Summer,185,49877.68,50145.17,21191.34,99.08,0,30.87,38.8,23.03,32.26,17.52,1.27,260.06,2.22,0.13,0.48,0.34,0.66,0.24,12.88,50.62,44.24,2.82,3.89
2012-07-04,Jul,3,Summer,186,52058.59,48635.31,22614.71,99.02,0,31.91,39.71,23.99,33.23,18.12,0.8,277.31,2.24,0.14,0.34,0.27,0.67,1.84,13.24,47.31,39.25,2.22,3.82
2012-07-05,Jul,3,Summer,187,50804.47,50422.51,21973.16,99.03,0,32.18,39.17,24.96,33.2,18.28,0.93,220.62,2.16,0.14,0.41,0.3,0.66,2.23,13.37,46.56,42.05,3.6,3.72
2012-07-06,Jul,3,Summer,188,51021.18,51482.44,20928.82,98.99,0,32.09,40.23,23.9,33.31,18.8,0.73,150.12,2.11,0.13,0.38,0.27,0.67,2.67,13.85,50.12,43.58,2.05,4.05
2012-07-07,Jul,3,Summer,189,52780.6,62045.95,19461.2,99.03,0,32.37,40.05,23.66,34.05,18.35,0.77,193.56,2.38,0.15,0.3,0.21,0.69,2.21,13.43,47.88,33.85,2.56,4.11
2012-07-08,Jul,3,Summer,190,46605.76,34299.23,24632.48,99.06,0,30.4,36.15,25.3,31.49,21.69,1.2,231.81,2.02,0.12,0.87,0.57,0.62,13.6,16.54,62.25,46.03,9.33,4.81
2012-07-09,Jul,3,Summer,191,44880.95,29324.86,26333.66,98.96,0,27.87,33.05,24.11,28.96,22.17,0.58,255.25,1.89,0.13,0.99,0.64,0.62,10.24,17.03,74,69.63,7.05,4.74
2012-07-10,Jul,3,Summer,192,29196.2,8624.28,23129.68,99.07,0,24.6,27.53,22.33,25.01,22.23,0.91,112.25,1.35,0.15,0.4,0.27,0.68,7.43,16.97,87.06,97.52,11.8,4.63
2012-07-11,Jul,3,Summer,193,42716.04,23110.16,28151.94,99.18,0,24.77,29.6,21.77,25.24,20.76,1.11,127.88,1.84,0.13,0.43,0.28,0.67,3.85,15.5,79.75,80.03,4.6,4.25
2012-07-12,Jul,3,Summer,194,24995.91,6053.13,20735.98,99.21,0,22.56,24.81,21.27,22.67,20.62,2.12,99.19,1.11,0.15,0.7,0.48,0.64,16.29,15.38,89,99.91,11.19,5.09
2012-07-13,Jul,3,Summer,195,30795,11227.05,24050.46,99.28,0,25.08,30.25,20.9,25.43,20.49,1.43,182.19,1.4,0.14,0.67,0.47,0.65,6.51,15.26,77.69,71.66,10.03,5.23
2012-07-14,Jul,3,Summer,196,24801.9,8039.08,19121.82,99.43,0,24.65,27.81,21.06,24.73,22.1,1.13,159,1.16,0.15,0.48,0.34,0.66,27.91,16.85,86.06,86.73,19.57,5.09
2012-07-15,Jul,3,Summer,197,47584.36,34231.09,27460.66,99.49,0,26.71,31.65,20.88,26.69,21.3,0.88,197.56,2.16,0.13,0.32,0.23,0.68,2.42,15.99,74.19,58.59,2.93,5.02
2012-07-16,Jul,3,Summer,198,54287.64,59601.53,21889.74,99.26,0,27.96,33.19,22.05,28.01,21.44,0.8,226.19,2.4,0.15,0.21,0.16,0.7,3.09,16.17,69.5,37.89,2.53,4.51
2012-07-17,Jul,3,Summer,199,54251.26,59068.16,22366.16,99.01,0,28.52,34.12,22.69,29.03,22.23,0.87,254.69,2.26,0.15,0.21,0.15,0.7,0.71,17.03,71.25,37.29,2.11,4.25
2012-07-18,Jul,3,Summer,200,44945.99,26841.1,26247.27,99.08,0,27.51,32.78,23.35,27.67,22.53,0.98,221.25,1.96,0.15,0.28,0.2,0.68,7.19,17.33,76.19,78.41,5.45,4.8
2012-07-19,Jul,3,Summer,201,58222.93,71733.89,20295.89,99.08,0,27.63,33.74,22.53,27.84,23.05,1.48,206.06,2.3,0.14,0.34,0.23,0.68,38.03,17.88,78.56,48.85,11.57,4.65
2012-07-20,Jul,3,Summer,202,42949.72,26570.77,27585.98,98.92,0,26.77,30.82,23.05,26.87,23.49,1.14,184.56,1.8,0.14,0.46,0.3,0.67,11.63,18.43,83.06,69,10.65,4.05
2012-07-21,Jul,3,Summer,203,48901.32,50615.15,23046.39,99.16,0,25.76,29.87,21.33,26.15,22.23,1.12,47.56,2.05,0.15,0.23,0.15,0.7,1,16.97,81.88,29.33,4.66,3.28
2012-07-22,Jul,3,Summer,204,53132.56,59412.68,22505,99.45,0,26.53,31.47,21.99,26.75,22.26,1.37,182.81,2.22,0.16,0.18,0.12,0.7,0.54,16.97,78.75,20.55,3.32,4.07
2012-07-23,Jul,3,Summer,205,54653.64,67546.77,20092.27,99.52,0,27.8,33.02,22.8,27.99,22.27,1.14,235.62,2.27,0.15,0.26,0.18,0.68,0.11,16.97,73.56,14.95,2.64,4.24
2012-07-24,Jul,3,Summer,206,58083.03,84915.34,16392.26,99.21,0,28.33,34.73,22.23,28.55,21.44,1.29,249.75,2.4,0.14,0.3,0.21,0.68,0.02,16.17,68.56,21.85,NA,3.88
2012-07-25,Jul,3,Summer,207,57319.16,73000.29,19786.31,98.92,0,28.75,35.61,22.53,29,21.32,1.39,232.38,2.39,0.15,0.24,0.17,0.7,0.02,16.11,67.06,34.7,0.98,3.54
2012-07-26,Jul,3,Summer,208,58204.34,87214.25,16297.81,98.74,0,28.71,34.1,23.39,28.81,22.55,1.8,226.69,2.41,0.15,0.28,0.2,0.7,1.21,17.4,71.31,22.02,NA,4.05
2012-07-27,Jul,3,Summer,209,55320.12,65751.5,17592.87,98.94,0,27.9,33.9,22.97,28.47,20.72,0.89,221.38,2.35,0.12,0.46,0.3,0.68,0.4,15.62,68.81,25.79,2.46,3.95
2012-07-28,Jul,3,Summer,210,56601.48,77898.07,16284.39,99.17,0,27.1,33.69,21.22,27.6,18.73,1.3,225.5,2.38,0.16,0.34,0.22,0.7,0.32,13.79,64.5,8.95,3.88,3.09
2012-07-29,Jul,3,Summer,211,42081.25,28003.16,27041.3,99.23,0,26.05,32.98,18.75,26.73,17.3,1.05,57,1.78,0.16,0.26,0.17,0.7,0,12.51,62.31,47,3.4,3.66
2012-07-30,Jul,3,Summer,212,47790.88,34716.47,26845.38,98.96,0,26.19,33.26,20.73,26.28,18.92,0.91,167.94,2.12,0.16,0.3,0.21,0.69,5.9,13.98,66.38,59.4,5.33,4.44
2012-07-31,Jul,3,Summer,213,57000.69,83962.76,16496.67,98.79,0,28.44,34.64,21.67,28.56,20.8,1.16,130.19,2.34,0.15,0.31,0.2,0.7,2.55,15.62,66.5,26.12,3.59,3.41
2012-08-01,Aug,3,Summer,214,51261.59,54934.92,20659.05,98.76,0,29.33,37.25,22.39,29.76,21.37,1.27,257.06,2.05,0.12,0.39,0.25,0.68,3,16.24,66.31,24.1,4.88,3.58
2012-08-02,Aug,3,Summer,215,56310.84,79260.72,16273.52,98.71,0,28.9,36.06,22.28,29.72,21.69,0.99,221.81,2.3,0.14,0.31,0.2,0.7,2.99,16.54,68.56,30.46,NA,3.64
2012-08-03,Aug,3,Summer,216,34972.94,13442.7,26611.02,98.8,0,26.94,32.62,22.69,27.19,22.27,1.95,181.56,1.48,0.13,0.7,0.48,0.62,4.11,17.09,77.44,80.09,10.98,5.12
2012-08-04,Aug,3,Summer,217,29334.47,14866.98,20016.97,99.13,0,28.17,34.35,24.07,28.45,22.98,1.87,191.44,1.2,0.12,0.73,0.5,0.62,7.4,17.82,75.44,83.02,16.41,4.95
2012-08-05,Aug,3,Summer,218,19637.31,5170.41,16510.44,99.41,0,26.01,29.11,23.61,26.05,23.45,1.7,194,0.82,0.14,0.64,0.44,0.63,11.24,18.25,86.38,98.75,13.55,5.24
2012-08-06,Aug,3,Summer,219,40727.26,16337.66,31003.93,99.25,0,27.36,32.66,22.69,27.95,21.72,0.52,136.5,1.84,0.15,0.47,0.3,0.67,2.51,16.48,73.94,73.93,3.3,4.59
2012-08-07,Aug,3,Summer,220,53700.2,74102.86,18197.79,99.02,0,27.3,33.41,22.09,27.9,20.54,0.9,59.81,2.16,0.14,0.26,0.16,0.7,0.44,15.32,69.5,9.6,3.71,2.98
2012-08-08,Aug,3,Summer,221,55066.56,77056.82,15097.11,99.03,0,28.15,34.95,21.67,28.73,18.98,0.71,98.44,2.12,0.13,0.28,0.18,0.7,0.23,13.92,61.25,32.73,1.91,2.64
2012-08-09,Aug,3,Summer,222,41398.89,48689.82,14669.94,98.71,0,26.69,31.99,21.84,27.17,20.15,1.51,193.25,1.73,0.15,0.38,0.24,0.68,9,15.01,69.25,51.72,10.09,3.66
2012-08-10,Aug,3,Summer,223,44333.04,39693.4,22357.48,98.58,0,24.57,30.23,18.52,24.92,18.8,1.5,197.12,1.78,0.14,0.4,0.26,0.69,6.38,14.04,72.81,39.85,NA,2.92
2012-08-11,Aug,3,Summer,224,55657.93,83265.57,15047.95,99.02,0,21.67,28.28,16.01,22.06,12.2,1.58,35.94,2.09,0.14,0.2,0.12,0.74,0,9.03,58.88,11.57,NA,1.46
2012-08-12,Aug,3,Summer,225,49609.43,42189.71,25510.5,99.21,0,22.8,30.22,16.92,22.92,10.7,0.77,88.38,1.86,0.14,0.23,0.15,0.72,0.02,8.18,50.31,56.63,2.51,2.02
2012-08-13,Aug,3,Summer,226,19481.52,6881.45,16131.63,98.93,0,22.29,26.25,16.79,22.4,17.98,1.62,175.88,0.73,0.14,0.63,0.41,0.65,7.86,13.37,77.56,75.7,15.89,3.73
2012-08-14,Aug,3,Summer,227,35088.55,15409.18,25603.6,98.83,0,24.73,30.81,19.68,25.48,18.77,1.03,296.5,1.43,0.12,0.68,0.43,0.66,2.77,13.79,73,77.45,7.48,3.11
2012-08-15,Aug,3,Summer,228,51997.77,73917.91,17357.27,99.06,0,24,31.43,17.4,24.82,15.15,0.78,126.62,2.05,0.14,0.3,0.2,0.7,0,10.93,62.25,27.07,NA,2.88
2012-08-16,Aug,3,Summer,229,52680.7,72695.56,15402.83,99.1,0,25.45,33.04,17.46,25.93,17.83,1.02,181.06,1.98,0.14,0.49,0.33,0.68,25.59,13.06,65.94,32.82,NA,3.45
2012-08-17,Aug,3,Summer,230,22518.2,7044.33,18553.33,98.91,0,22.43,25.32,17.9,22.56,19.9,0.84,244.88,0.94,0.14,0.91,0.61,0.62,3.13,14.83,86.12,76.55,14.07,4.54
2012-08-18,Aug,3,Summer,231,48524.66,45401.04,23016.88,98.88,0,21.46,27.91,14.35,21.98,14.13,0.84,57.06,1.92,0.15,0.23,0.15,0.73,0.02,10.25,65.5,55.79,3.94,1.98
2012-08-19,Aug,3,Summer,232,52096.49,81812.91,14736.84,98.77,0,21.87,28.79,16.07,22.01,12.78,1.12,166.81,2.02,0.16,0.19,0.12,0.73,0.05,9.4,59.94,36.79,3.61,2.15
2012-08-20,Aug,3,Summer,233,52689.95,85875.2,11870.27,99.01,0,21.4,28.78,13.84,21.62,11.48,0.88,99.88,1.95,0.16,0.13,0.09,0.73,0,8.61,57.25,9.52,3.56,2.03
2012-08-21,Aug,3,Summer,234,48427.27,62417.8,16365,99.28,0,22.94,30.09,16.3,22.55,11.83,1.02,69,1.75,0.16,0.18,0.12,0.72,0.01,8.79,52.75,16.68,4.37,1.98
2012-08-22,Aug,3,Summer,235,53544.54,85028.62,11804.88,99.42,0,24.02,31.9,16.78,24.23,13.78,0.84,162.94,1.97,0.16,0.19,0.12,0.71,0,9.95,56.06,3.66,NA,2.13
2012-08-23,Aug,3,Summer,236,52919.24,87167.33,14453.13,99.39,0,25.03,33.9,16.7,25.41,14.27,0.85,183.38,1.96,0.14,0.23,0.15,0.72,0,10.31,56.06,4.09,NA,1.75
2012-08-24,Aug,3,Summer,237,51093.71,79295.92,14363.41,99.35,0,25.34,33.42,17.8,25.68,14.81,0.79,180.94,1.92,0.15,0.28,0.18,0.7,0.01,10.62,56.25,12.18,NA,2.28
2012-08-25,Aug,3,Summer,238,45299.77,43812.32,21595.8,99.39,0,25.44,31.78,20.26,25.92,18.65,1.41,168.31,1.83,0.14,0.3,0.2,0.69,1.59,13.61,68.62,32.64,2.78,3.38
2012-08-26,Aug,3,Summer,239,49315.91,50387.18,23754.51,99.44,0,26.51,33.53,19.9,27.23,18.79,1.02,171.81,1.81,0.15,0.3,0.21,0.68,0.16,13.73,66.88,18.71,3.18,3.88
2012-08-27,Aug,3,Summer,240,50547.1,58530.35,20657.57,99.21,0,27.65,34.92,20.69,28.36,18.08,0.75,128.31,1.87,0.12,0.38,0.25,0.66,0.06,13.12,59.62,32.22,4.16,4.16
2012-08-28,Aug,3,Summer,241,42656.22,28133.27,26957.88,99.03,0,26.76,32.84,21.56,27.52,19.54,1.18,41.81,1.77,0.16,0.27,0.17,0.68,0.27,14.47,67.38,51.2,5.6,3.88
2012-08-29,Aug,3,Summer,242,53702.11,82567.21,16027.95,98.96,0,26.93,33.69,20.65,27.79,19.03,1.27,72.75,1.96,0.16,0.19,0.12,0.7,0.69,14.04,64.56,26.82,2.2,3.39
2012-08-30,Aug,3,Summer,243,35329.3,11649.73,28329.05,99.16,0,26.73,32.08,21.86,27.19,20.19,1.82,138.38,1.45,0.15,0.21,0.15,0.68,0.24,15.01,69.06,92.89,3.72,4.44
2012-08-31,Aug,3,Summer,244,31468.3,11903.06,25391.21,99.44,0,27.38,32.96,23.51,27.68,21.23,2.33,166.44,1.48,0.14,0.27,0.2,0.67,1.69,15.93,70.88,79.92,5.38,5.17
2012-09-01,Sep,3,Summer,245,34280.5,15281.22,25985.87,99.26,0,26.8,31.4,22.89,27.02,21.82,2.27,185.69,1.42,0.14,0.41,0.28,0.66,9.76,16.54,75.5,64.64,6.62,4.6
2012-09-02,Sep,3,Summer,246,21271.75,6294.27,17846.43,98.72,0,25.85,31.23,23.1,25.98,22.9,2.53,202.56,0.99,0.14,0.46,0.3,0.65,17.37,17.76,85.12,97.74,16.11,5.48
2012-09-03,Sep,3,Summer,247,13681.25,4797.89,11644.55,98.61,0,25.67,30.45,22.34,26.15,22.54,1.25,241.38,0.66,0.12,0.55,0.36,0.64,7.89,17.4,84.25,98.09,24.58,5.38
2012-09-04,Sep,3,Summer,248,34200.16,19926.62,23447.27,98.67,0,26.95,32.94,21.97,27.39,22.02,0.95,187.38,1.44,0.14,0.37,0.23,0.67,0.94,16.85,76.69,59.42,8.94,4.41
2012-09-05,Sep,3,Summer,249,41454.98,32154.53,22658.04,98.75,0,26.99,32.4,22.41,27.39,22.61,0.84,191.25,1.65,0.13,0.45,0.29,0.66,18.25,17.46,78.75,58.12,10.35,4.56
2012-09-06,Sep,3,Summer,250,51062.14,74836.56,14168.99,98.92,0,27.05,32.48,21.65,27.32,21.62,0.78,147.31,1.88,0.13,0.3,0.2,0.7,0.22,16.42,74.44,42.47,NA,3.07
2012-09-07,Sep,3,Summer,251,50565.16,75534.48,15470.38,98.7,0,26.92,33.32,21.22,27.15,20.9,1.2,187.25,1.79,0.14,0.36,0.23,0.68,5.74,15.75,71.69,37.3,7.37,4.12
2012-09-08,Sep,3,Summer,252,33797.59,38265.15,15955.07,98.75,0,20.65,25.33,14.62,21.11,15.19,2.25,326.88,1.32,0.14,0.32,0.21,0.71,7.13,11.17,73.06,54.91,16.69,2.66
2012-09-09,Sep,3,Summer,253,52842.67,93820.17,9788.66,99.18,0,19.06,26.98,11.65,19.77,11.55,1.16,237.81,1.71,0.15,0.16,0.09,0.73,0,8.61,66.25,3.53,NA,1.59
2012-09-10,Sep,3,Summer,254,52662.2,90091.66,10182.15,99.51,0,19.44,27.39,12.15,20.09,12.65,1.16,46.62,1.68,0.15,0.12,0.08,0.73,0.01,9.22,68.75,2.09,NA,1.53
2012-09-11,Sep,3,Summer,255,50712.84,89860.28,13437.3,99.68,0,21.25,29.62,12.93,21.73,13.68,1.12,154.69,1.66,0.16,0.09,0.06,0.73,0,9.83,66.12,7.8,2.85,1.9
2012-09-12,Sep,3,Summer,256,38600.72,33377.98,21729.49,99.85,0,22.07,28.91,16.12,22.38,14.4,1.48,168.81,1.41,0.14,0.28,0.18,0.7,0.01,10.31,65.06,68.12,5.36,2.12
2012-09-13,Sep,3,Summer,257,44299.74,48377.35,19688.98,99.88,0,22.64,29.52,17.26,23.12,14.56,1.24,141.69,1.49,0.12,0.43,0.27,0.67,0.01,10.38,63.12,41.64,2.82,2.46
2012-09-14,Sep,3,Summer,258,40323.77,35973.13,22548.54,99.84,0,21.8,27.94,15.85,22.26,14.65,0.91,99.25,1.38,0.14,0.33,0.21,0.69,0.54,10.5,66.5,44.86,2.98,2.74
2012-09-15,Sep,3,Summer,259,34583.3,29403.77,18906.61,99.68,0,21.37,26.62,16.78,22.02,16.51,1.18,83.94,1.41,0.14,0.24,0.16,0.7,0.12,11.78,75.75,81.69,6.09,3.53
2012-09-16,Sep,3,Summer,260,30821.1,16322.44,21714.91,99.31,0,20.94,24.4,17.55,20.94,17.3,0.7,65.69,1.28,0.14,0.3,0.2,0.68,5.22,12.51,79.94,93.9,9.09,3.77
2012-09-17,Sep,3,Summer,261,9926.07,3798.52,8261.96,98.7,0,20.63,22.51,19.08,20.46,19.74,1.16,150.88,0.41,0.12,0.57,0.38,0.64,50.24,14.65,94.62,99.66,27.7,4.69
2012-09-18,Sep,3,Summer,262,30247.44,32044.87,18172.94,98.66,0,17.15,21.13,10.34,17.12,12.48,2.23,333.44,1.09,0.15,0.37,0.23,0.68,10.62,9.52,76.19,58.95,7.83,2.5
2012-09-19,Sep,3,Summer,263,51815.87,89440.91,6314.55,99.45,0,14.33,21.32,7.1,14.18,7.46,1.3,74.56,NA,0.14,0.04,0.02,0.76,0,6.53,66.06,0.17,NA,1.16
2012-09-20,Sep,3,Summer,264,49511.82,86189.72,8685.09,99.28,0,17.34,25.23,9.57,16.76,10.48,1.23,189,1.47,0.15,0.15,0.09,0.73,0.02,8.06,66.5,1.14,NA,1.56
2012-09-21,Sep,3,Summer,265,37619.32,28292.6,23054.92,99.04,0,18.7,25.18,11.73,18.56,13.05,1.69,206.94,1.23,0.12,0.43,0.28,0.66,0.01,9.52,71.81,29.85,3.39,2.36
2012-09-22,Sep,3,Summer,266,49242.88,88775.18,7658.55,99.2,0,18.73,25.53,10.64,18.65,11.58,1.73,239.5,1.54,0.16,0.16,0.11,0.74,0.01,8.73,66.62,3.3,NA,1.52
2012-09-23,Sep,3,Summer,267,50312.11,92731.62,6965.62,99.83,0,12.83,20.82,5.59,13.13,4.42,1.45,96.25,1.48,0.16,0.06,0.04,0.76,0.01,5.25,60.19,0.52,NA,0.92
2012-09-24,Sep,3,Summer,268,50124.35,90992.07,6537.3,99.74,0,13.87,21.81,4.87,14.35,6.03,1.09,109.38,1.44,0.16,0.1,0.06,0.76,0,5.92,63.5,3.11,NA,1.2
2012-09-25,Sep,3,Summer,269,29616.64,13885.4,21902.59,99.36,0,19.63,26.92,12.55,19.51,13.55,2.39,187,0.95,0.12,0.55,0.36,0.62,0.01,9.95,69.5,62.88,3.14,2.74
2012-09-26,Sep,3,Summer,270,38297.31,24539.34,25703.49,99.47,0,21.08,28.46,15.4,21.05,15.39,1.75,195.06,1.17,0.12,0.53,0.34,0.63,0.25,11.05,72.06,73.3,2.19,2.98
2012-09-27,Sep,3,Summer,271,33076.5,15417.9,25452.3,99.5,0,22.4,28.94,16.46,22.31,16.79,1.07,193.94,1.09,0.13,0.59,0.38,0.62,0.21,12.08,72.81,77.66,4.09,3.52
2012-09-28,Sep,3,Summer,272,21312.09,5975.08,17852.89,99.33,0,21.2,25.89,18.26,21.01,17.9,1.03,195.62,0.79,0.14,0.59,0.38,0.64,1.25,12.94,82.25,98.37,8.7,3.72
2012-09-29,Sep,3,Summer,273,42901.39,59278.51,16510.5,99.11,0,18.84,25.08,14.41,19.27,12.91,1.38,225.38,1.28,0.12,0.29,0.19,0.7,0.02,9.4,71.19,65.96,1.46,2.12
2012-09-30,Sep,3,Summer,274,29527.61,9679.71,23949.2,98.71,0,16.38,21.38,12.59,16.33,12.69,0.99,77.44,1.01,0.14,0.18,0.12,0.72,6.04,9.34,80.81,98.34,6.03,1.97
2012-10-01,Oct,4,Fall,275,13866.59,5399.64,11653.16,97.79,0,18.05,25.99,12.82,18.09,16.49,2.34,167.06,0.55,0.13,0.54,0.35,0.64,35.47,12.27,91.12,97.36,24.8,3.79
2012-10-02,Oct,4,Fall,276,14233.77,5095.98,11780.66,98.47,0,14.42,17.65,10.97,14.28,12.27,1.23,246.06,0.57,0.13,0.45,0.29,0.66,1.53,9.09,87.56,80.31,19.28,2.31
2012-10-03,Oct,4,Fall,277,44860.18,76595.78,13181.2,99.37,0,15.87,23.01,9.23,15.9,11.76,1.3,192.5,1.25,0.12,0.25,0.16,0.7,0,8.67,78.38,10.8,1.52,1.48
2012-10-04,Oct,4,Fall,278,43689.09,74543.35,14484.38,99.8,0,18.46,25.79,11.95,18.3,14.28,1.11,200.06,1.22,0.14,0.18,0.12,0.7,0,10.25,78.81,8.25,5.09,2.05
2012-10-05,Oct,4,Fall,279,38841.43,41668.01,19218.66,99.39,0,19.36,26.16,13.26,19.26,15.21,1.39,223.31,1.12,0.12,0.5,0.32,0.67,0.31,10.93,79.06,49.96,4.4,2.3
2012-10-06,Oct,4,Fall,280,43387.41,60634.34,16925.54,99.46,0,10.65,15.79,7.03,11.25,4.64,2.52,206.88,1.22,0.15,0.27,0.17,0.72,8.28,5.37,69.25,75.15,4.98,2.17
2012-10-07,Oct,4,Fall,281,41322.18,53422.48,18113.05,99.62,0,9.4,14.79,5.37,9.87,3.09,1.85,179.38,1.1,0.14,0.2,0.12,0.73,0.41,4.82,67.81,76.18,5.3,1.4
2012-10-08,Oct,4,Fall,282,38556.02,39748.55,21493.02,99.63,0,10.29,16.03,5.9,10.47,4.93,1.03,73.38,0.95,0.14,0.22,0.14,0.7,3.26,5.43,71.88,53.98,6.99,1.41
2012-10-09,Oct,4,Fall,283,48352.26,89820.14,11431.52,99.38,0,10.69,18.06,4.16,11.06,6.69,1.01,157.56,1.08,0.15,0.12,0.08,0.74,0,6.16,78.56,12.51,3.1,1.05
2012-10-10,Oct,4,Fall,284,37083.65,57923.25,11605.17,99.59,0,11.45,18.08,4.93,11.51,6.01,1.63,235.5,0.91,0.16,0.11,0.07,0.73,0.02,5.98,72.38,44,NA,1.37
2012-10-11,Oct,4,Fall,285,37880.94,61633.79,14737.97,99.88,0,11.22,18.84,2.5,11.4,5.36,0.79,172.94,1,0.15,0.09,0.05,0.73,7.16,5.74,71.31,45.55,6.85,1.89
2012-10-12,Oct,4,Fall,286,19673.66,5966.58,16795.03,99.96,0,13.98,18.59,11.51,14.07,12.45,0.69,158.94,0.65,0.14,0.41,0.27,0.66,15.1,9.03,91,95.26,13.77,3.21
2012-10-13,Oct,4,Fall,287,29040.23,17645.2,22099.88,99.71,0,17.87,23.97,11.33,17.76,15.3,2.26,161.94,0.88,0.13,0.3,0.2,0.66,0.29,11.05,85.69,67.06,4.65,3.15
2012-10-14,Oct,4,Fall,288,20279.85,6235.65,17202.14,99.01,0,19.21,23.49,15.84,18.9,16.4,3.63,202.69,0.66,0.14,0.45,0.29,0.63,3.78,11.84,84.12,75.88,9.48,3.04
2012-10-15,Oct,4,Fall,289,44983.66,91149.96,12669.18,99.01,0,14.43,20.63,8.95,14.28,10.11,1.33,283.38,1.11,0.15,0.12,0.08,0.73,0.09,7.87,78.06,8.73,1.51,1.35
2012-10-16,Oct,4,Fall,290,42236.38,59195.56,17358.28,98.87,0,14.42,22.24,6.65,14.12,9.42,1.14,158.5,1,0.16,0.11,0.07,0.71,0.01,7.63,74.38,38.39,2.48,1.89
2012-10-17,Oct,4,Fall,291,39926.23,61247.62,16481.11,98.25,0,16.43,22.23,10.78,16.16,11.07,2.95,177.12,0.97,0.14,0.16,0.1,0.71,1.89,8.36,72.81,37.42,4.58,2.08
2012-10-18,Oct,4,Fall,292,41793.34,85029.4,10124.72,98.25,0,13.63,19.48,8.16,13.36,7.65,2.05,237.38,1.02,0.16,0.16,0.1,0.76,14.82,6.84,71.5,32.81,3.32,1.34
2012-10-19,Oct,4,Fall,293,20904.87,19800.12,13129.45,98.26,0,11.41,17.66,7.02,11.21,5.52,1.98,255.25,0.54,0.15,0.1,0.06,0.72,0.02,5.74,69.44,71.12,14.53,1.43
2012-10-20,Oct,4,Fall,294,24072.69,17540.96,17985.29,98.87,0,11.09,17.38,4.96,10.54,6.94,1.13,233.19,0.66,0.15,0.11,0.07,0.7,0,6.29,77.25,59.77,NA,1.76
2012-10-21,Oct,4,Fall,295,43811.96,92041.38,8424.11,99.38,0,14.8,23.21,6.93,14.58,10.08,1.34,169.44,1.05,0.15,0.12,0.08,0.71,0,7.87,75.56,7.33,4.52,2.11
2012-10-22,Oct,4,Fall,296,37844.92,73258.19,12633.69,99.54,0,17.94,25.26,13.8,17.61,12.31,1.44,183.31,1.01,0.15,0.19,0.12,0.69,0,9.03,71.19,28.14,3.05,2.34
2012-10-23,Oct,4,Fall,297,39841.81,78777.34,13362.65,99.39,0,16.99,24.69,11.87,16.67,12.09,1.55,182.69,1.05,0.13,0.16,0.1,0.71,0,8.91,75,20.82,NA,1.65
2012-10-24,Oct,4,Fall,298,43029.09,90979.88,7874.02,99.39,0,16.65,24.9,10.16,16.25,11.6,1.17,175.62,1.09,0.16,0.07,0.05,0.72,0,8.67,74.5,1.49,NA,1.71
2012-10-25,Oct,4,Fall,299,37297.71,66193.77,14254.14,99.17,0,17.54,24.65,11.94,17.19,14.27,1.45,176.94,0.98,0.14,0.13,0.09,0.69,0,10.31,82.75,20.1,NA,1.91
2012-10-26,Oct,4,Fall,300,16251.34,7357.42,13418.13,99.33,0,11.44,14.17,7.42,11.64,9.61,2.16,276.62,0.53,0.14,0.51,0.33,0.61,1.59,7.63,88.88,77.98,15.55,2.67
2012-10-27,Oct,4,Fall,301,12126.08,5744.66,10029.46,99.26,0,8.69,12.2,5.68,8.87,5.12,2.88,109.12,0.42,0.13,0.19,0.12,0.69,0.82,5.55,79.19,92.66,15.86,1.46
2012-10-28,Oct,4,Fall,302,34983.58,49223.82,16151.91,99.23,0,8.11,13.66,3.36,8.3,1.05,3.12,274.94,0.87,0.14,0.1,0.07,0.72,0.01,4.15,62.75,54.13,5.95,0.98
2012-10-29,Oct,4,Fall,303,42376.03,91920.01,7349.77,99.22,0,6.02,11.83,0.5,6.12,-1.75,3.11,331,0.8,0.16,0.04,0.02,0.76,0,3.36,60.88,27.56,NA,0.64
2012-10-30,Oct,4,Fall,304,31461.88,16100.97,24264.62,98.56,0,5.98,10.74,1.83,5.72,-2.6,3.02,309.75,0.66,0.14,0.05,0.03,0.75,0,3.17,55.81,83.73,2.08,0.66
2012-10-31,Oct,4,Fall,305,41391.2,92346.22,7189.59,98.78,0,5.48,13.84,-0.58,5.32,-2.05,1.71,294.5,0.78,0.16,0.03,0.02,0.76,0.02,3.3,63.69,15.07,NA,0.57
2012-11-01,Nov,4,Fall,306,41320.8,91727.69,6750.82,99.01,0,7.17,15.94,-1.06,6.8,-0.85,1.28,285.19,0.7,0.16,0.05,0.04,0.73,0,3.72,61.38,22.45,NA,1.08
2012-11-02,Nov,4,Fall,307,36467.1,81666.45,10621.94,99.02,0,10.55,18.74,5.71,10.23,3.6,1.42,216.31,0.68,0.15,0.11,0.07,0.7,0,5,64.31,19.39,2.49,1.55
2012-11-03,Nov,4,Fall,308,33461.7,62427.09,11799.44,99.15,0,12.65,24.04,4.06,12.57,8.1,1.46,207.06,0.62,0.14,0.31,0.2,0.65,4.32,7.26,75.69,38.59,2.57,1.63
2012-11-04,Nov,4,Fall,309,28293.1,26268.98,18138.71,99.49,0,7.18,13.12,2.51,7.55,3.22,1.73,248.38,0.61,0.13,0.12,0.08,0.7,0,4.82,77.75,59.63,1.85,1.13
2012-11-05,Nov,4,Fall,310,26905.95,21436.95,18254.37,99.41,0,5.87,12.42,1.13,6.04,2.12,1.15,117.69,0.54,0.13,0.13,0.09,0.69,2.2,4.52,79.56,75.87,4.37,1.44
2012-11-06,Nov,4,Fall,311,17441.47,9820.62,14198.37,99.06,0,7.31,13.44,1.62,7.69,4.26,0.66,192.56,0.37,0.14,0.16,0.11,0.69,2.09,5.25,83.06,88.25,11.23,1.45
2012-11-07,Nov,4,Fall,312,16881.9,9344.81,13599.19,99.13,0,6.59,10.79,2.16,6.69,4.19,1.5,293.75,0.34,0.14,0.32,0.21,0.67,1.56,5.19,85.62,84.23,11.55,1.21
2012-11-08,Nov,4,Fall,313,34131.53,72403.02,10173.09,99.76,0,6.9,13.91,1.47,6.84,2.97,0.66,146.44,0.55,0.14,0.1,0.07,0.71,0.04,4.7,77.94,14.93,4.39,0.94
2012-11-09,Nov,4,Fall,314,34040.51,77806.38,10793.77,99.8,0,9.31,18.24,1.85,9.04,4.91,1.42,182.38,0.61,0.14,0.1,0.06,0.7,0.01,5.43,76.44,10.32,NA,1.27
2012-11-10,Nov,4,Fall,315,36796.48,84740.84,6632.6,99.87,0,11.67,20.5,5.17,11.31,5.87,1.81,179.81,0.66,0.15,0.05,0.04,0.72,0,5.8,70.44,1.88,NA,1.17
2012-11-11,Nov,4,Fall,316,26889.3,27963.05,17696.95,99.7,0,13.87,20.13,6.89,13.56,7.52,3.27,170.5,0.63,0.14,0.09,0.05,0.7,0,6.59,66.56,77.47,2.34,1.48
2012-11-12,Nov,4,Fall,317,15015.74,24630.07,8212.8,99.97,0,8.47,16.03,-0.72,8.22,4.23,2.64,248.31,0.38,0.14,0.25,0.16,0.66,23.44,5.62,76,56.77,15.88,1.72
2012-11-13,Nov,4,Fall,318,37460.84,89388.88,6095.52,100.54,0,2.44,9.92,-3.35,2.33,-3.86,1.52,33.38,0.68,0.16,0.04,0.02,0.75,0,2.81,66.94,2.2,NA,0.49
2012-11-14,Nov,4,Fall,319,25516.75,15474.95,19880.88,100.33,0,1.97,7.94,-1.45,1.65,-1.86,1.2,35.94,0.54,0.14,0.1,0.06,0.72,0.01,3.3,77.62,58.82,2.01,0.59
2012-11-15,Nov,4,Fall,320,32790.18,73502.16,10533.16,100.12,0,3.51,12.24,-3.1,3.4,-0.49,0.94,32.5,0.57,0.15,0.1,0.06,0.73,0,3.66,77.31,38.55,1.99,0.62
2012-11-16,Nov,4,Fall,321,32660.4,77723.14,7579.68,100.29,0,5.15,13.64,-0.55,5.08,-0.04,1.32,29.81,NA,0.15,0.06,0.04,0.72,0,3.78,73.12,5.33,NA,0.75
2012-11-17,Nov,4,Fall,322,34987.93,83513,6448.02,100.44,0,5.6,15.51,-2.13,5.3,1.5,0.86,82.31,0.54,0.15,0.05,0.04,0.73,0,4.27,77.31,0.27,NA,0.62
2012-11-18,Nov,4,Fall,323,34806.62,84011.96,6172.39,100.33,0,7.57,17.02,0.12,6.21,0.91,1.05,117.31,0.55,0.16,0.05,0.03,0.73,0,4.09,66.62,5.04,NA,0.63
2012-11-19,Nov,4,Fall,324,27341.59,33478.45,15762.45,99.98,0,9.76,17.78,3.37,8.17,4.34,0.95,164.38,0.52,0.14,0.1,0.07,0.7,0.04,5.31,70.19,65.53,2.22,1.09
2012-11-20,Nov,4,Fall,325,23564.89,28638.91,13003.41,99.5,0,12.18,19.42,5.57,11.62,7.51,0.97,251.75,0.5,0.13,0.23,0.15,0.67,0.03,6.59,76.06,74.38,5.79,1.54
2012-11-21,Nov,4,Fall,326,30963.66,75964.66,8481.65,99.68,0,11.23,17.98,6.71,10.62,8.15,1.2,174.19,0.54,0.15,0.12,0.08,0.69,0,6.84,82,3.38,NA,1.18
2012-11-22,Nov,4,Fall,327,30917.33,67326.79,9087.94,99.65,0,10.43,18.25,3.43,9.35,6.92,1.36,178.5,0.57,0.15,0.09,0.06,0.72,0,6.29,79.94,40.36,3.09,0.75
2012-11-23,Nov,4,Fall,328,28048.11,60209.3,7715,99.66,0,8.33,14.08,0.33,8.08,2.19,2.03,296.31,0.53,0.16,0.12,0.08,0.72,0.95,4.64,68.25,38.55,8.21,1.18
2012-11-24,Nov,4,Fall,329,30642.87,87470.77,8334.22,99.87,0,-0.05,4.61,-5.09,-0.4,-6.31,1.31,266.88,0.52,0.16,0.03,0.02,0.74,0,2.32,64.44,11.73,3.49,0.65
2012-11-25,Nov,4,Fall,330,31116.48,76698.7,6729.52,99.37,0,3.8,13.37,-3.27,3.58,-2.86,1.59,200.62,NA,0.15,0.05,0.03,0.72,0,3.11,65.5,13.22,NA,0.88
2012-11-26,Nov,4,Fall,331,17619,13632.12,12832.86,99.47,0,8.87,16.45,1.46,8.7,4.57,1.12,217.56,0.36,0.13,0.27,0.17,0.67,5.29,5.43,76.56,91.91,7.52,1.59
2012-11-27,Nov,4,Fall,332,14486.16,5926.23,12000.53,99.99,0,3.71,9.13,-2.05,3.77,0.68,2.11,141.75,0.27,0.14,0.21,0.14,0.68,3.14,4.03,82.5,82.75,12.43,1.04
2012-11-28,Nov,4,Fall,333,33260.72,87344.44,7562.62,100.43,0,2.15,9.35,-3.42,1.1,-3.37,0.95,83.69,0.43,0.15,0.08,0.05,0.71,0,2.93,70.81,4.99,4.26,0.75
2012-11-29,Nov,4,Fall,334,31824.46,81999.73,9183,100.19,0,4.15,14.07,-3.3,3.59,-1.36,1.32,168,0.47,0.15,0.09,0.06,0.72,0,3.48,71,33.74,1.98,0.65
2012-11-30,Nov,4,Fall,335,30437.24,73499.73,10031.27,99.94,0,7.19,15.69,0.56,6.79,3.73,1.55,189.56,0.45,0.13,0.11,0.07,0.7,0,5,80.25,32.39,2.43,0.95
2012-12-01,Dec,4,Fall,336,29051.2,64250.34,10903.64,99.86,0,11.08,19.23,4.78,10.77,7.95,1.65,179.88,0.45,0.13,0.14,0.09,0.67,0,6.77,82.94,66.79,1.23,1.46
2012-12-02,Dec,4,Fall,337,19158.67,17529.91,13200.24,99.74,0,14.19,20.82,8.67,13.85,11.34,2.51,191.88,0.35,0.12,0.23,0.15,0.63,0,8.48,84.19,84.05,5.65,2.21
2012-12-03,Dec,4,Fall,338,26067.37,35347.74,14587.56,99.69,0,15.43,21.83,10.76,15.13,11.7,2.23,189.69,0.41,0.13,0.2,0.12,0.65,0,8.61,79.62,56.82,2.06,2.03
2012-12-04,Dec,4,Fall,339,9526.74,4917.27,8222.59,99.6,0,15.79,19.62,11.81,15.45,14.23,2.37,210.81,0.2,0.13,0.41,0.27,0.59,8.8,10.25,90.56,93.75,15.36,2.84
2012-12-05,Dec,4,Fall,340,33290.88,87033.84,6259.88,99.86,0,10.16,16.19,5.69,10,4.74,2.17,43.31,0.45,0.15,0.06,0.04,0.72,1.14,5.43,71.75,32.16,NA,1.3
2012-12-06,Dec,4,Fall,341,12940.05,5510.72,10921.45,99.29,0,10.71,17.08,5.05,10.45,8.77,1.43,154.25,0.23,0.13,0.22,0.14,0.64,0.31,7.32,88.12,85,8.54,1.99
2012-12-07,Dec,4,Fall,342,12382.42,4851.15,10461.45,98.94,0,13.56,18.27,10.65,13.35,11.71,2.18,185.88,0.23,0.13,0.43,0.27,0.58,0.13,8.73,89.19,98.29,8.05,2.19
2012-12-08,Dec,4,Fall,343,10632.89,6526.16,8689.74,98.84,0,15.06,18.41,12.82,14.73,13.94,1.91,204.38,0.2,0.13,0.57,0.38,0.59,11.04,10.07,93.19,96.78,17.33,2.48
2012-12-09,Dec,4,Fall,344,11094.13,4163.4,9342.91,98.76,0,16.21,19.11,13.65,15.87,14.9,2.8,190,0.19,0.13,0.53,0.34,0.59,15.07,10.74,92.06,98.45,16.62,2.74
2012-12-10,Dec,4,Fall,345,6922.09,5098.15,5599.77,98.54,2.34,6.88,16.07,-2.61,6.87,4.47,2.44,295.81,0.13,0.12,0.5,0.33,0.62,28.27,5.98,85.88,97.77,29.15,1.98
2012-12-11,Dec,4,Fall,346,27602.91,52670.11,12551.16,99.58,4.69,-0.67,5.45,-5.03,-0.75,-4.77,1.16,202.19,0.36,0.14,0.03,0.02,0.74,0,2.69,76.81,48.22,NA,0.47
2012-12-12,Dec,4,Fall,347,33256.61,87322.14,5912.37,100.1,3.91,0.44,8.31,-4.42,0.12,-4.03,1.55,42.62,0.4,0.14,0.02,0.02,0.73,0,2.81,75.88,5.36,NA,0.52
2012-12-13,Dec,4,Fall,348,33998.09,90087.16,5815.46,100.21,3.91,2.85,11.14,-4.37,0.75,-3.81,0.81,79.81,NA,0.14,0.03,0.02,0.74,0,2.87,66.31,0.23,NA,0.38
2012-12-14,Dec,4,Fall,349,29428.97,63182.62,11359.3,99.93,1.56,5.15,13.12,-2.13,4.34,0.67,1.26,171.25,0.39,0.14,0.05,0.03,0.73,0,4.09,74.56,55.05,NA,0.65
2012-12-15,Dec,4,Fall,350,14039.84,14041,10433.34,99.06,0,9.6,13.87,4.14,9.29,7.37,3.16,179.31,0.27,0.13,0.14,0.09,0.65,2.58,6.59,86.25,93.91,12.53,2.09
2012-12-16,Dec,4,Fall,351,7520.86,3763.6,6326.28,98.49,0,13.03,15.36,11.29,12.58,12.38,2.59,188.94,0.15,0.12,0.24,0.16,0.62,6.37,9.16,95.75,93.77,17.67,2.17
2012-12-17,Dec,4,Fall,352,19952.46,20440.45,13183.66,98.14,0,12.1,17.44,5.62,11.82,10.28,2.1,236.94,0.31,0.12,0.2,0.12,0.66,5.68,8.06,89.56,80.94,9.53,1.63
2012-12-18,Dec,4,Fall,353,29522.77,73451.07,6604.96,98.75,0,7.04,13.32,2.05,6.86,2.85,1.66,228.31,NA,0.14,0.09,0.06,0.7,0.04,4.76,77.31,28.02,NA,0.86
2012-12-19,Dec,4,Fall,354,25914.55,40286.12,13850.73,98.95,0,9.95,16.57,4.26,9.6,8.24,1.66,175.31,0.39,0.14,0.09,0.05,0.68,0.01,6.96,88.38,56.68,1.44,1.29
2012-12-20,Dec,4,Fall,355,8521.89,5814.44,6626.17,98.2,0,8.04,14.16,0.11,7.73,3.21,5.1,223.38,0.16,0.12,0.3,0.19,0.64,17.97,5.31,72,99.24,26.91,1.62
2012-12-21,Dec,4,Fall,356,32571.98,87378.76,6781.53,99.48,1.56,-0.09,5.01,-4.24,-0.24,-6.3,3.62,289.69,0.36,0.14,0.07,0.05,0.73,0,2.32,63.94,15.91,5.5,0.42
2012-12-22,Dec,4,Fall,357,33884.93,91500.59,5704.77,99.87,0.78,-0.17,7.55,-5.79,-0.34,-5.81,1.1,248.12,0.37,0.16,0.03,0.02,0.74,0,2.44,69.75,5.64,NA,0.41
2012-12-23,Dec,4,Fall,358,13413.12,9895.77,10707.55,99.14,0,5.26,9.19,-0.3,4.93,3.64,1.98,196.12,0.22,0.13,0.16,0.11,0.66,6.56,5.13,89.5,94.89,8.1,1.51
2012-12-24,Dec,4,Fall,359,12862.21,8008.98,10425.7,98.67,0,9.07,14.62,4.33,8.88,7.45,1.59,264.25,0.21,0.12,0.39,0.25,0.62,8.78,6.59,90.06,96.58,10.38,1.54
2012-12-25,Dec,4,Fall,360,9365.74,4214.31,7868.23,98.79,7.03,3.06,4.12,1.47,3.15,1.58,3.03,43,0.15,0.12,0.22,0.14,0.68,17.29,4.33,90.31,98.84,11.73,1.26
2012-12-26,Dec,4,Fall,361,8903.83,6886.27,7163.87,98.15,16.41,1.23,5.48,-2.4,1.14,-0.25,3.44,252.81,0.13,0.12,0.17,0.12,0.66,10.87,3.91,90.31,96.1,20.55,1.3
2012-12-27,Dec,4,Fall,362,8285.58,5468.97,6595.32,99.5,17.19,-0.88,3.48,-3.82,-0.69,-3.18,1.12,138.38,0.12,0.12,0.06,0.04,0.72,0.01,2.99,86.19,97.33,15.61,0.69
2012-12-28,Dec,4,Fall,363,12339.43,5072.94,10404.21,98.97,17.19,0.87,5.13,-2.71,0.87,-0.2,1.44,151.06,0.21,0.12,0.3,0.2,0.61,13.86,3.85,93.38,98.93,9.5,1.48
2012-12-29,Dec,4,Fall,364,6582.16,5099.73,5145.41,99.34,17.19,-0.53,1.88,-5.94,-0.69,-1.79,2.59,291.94,0.09,0.12,0.29,0.19,0.64,0.99,3.36,91.62,97.48,25.85,0.8
2012-12-30,Dec,4,Fall,365,29741.41,77963.6,9917.7,100.5,17.19,-1.89,3.33,-6.76,-2.67,-5.34,0.84,194.19,0.4,0.12,0.04,0.02,0.73,0,2.5,79.19,52.64,2.52,0.53
2012-12-31,Dec,4,Fall,366,6507.85,4197.52,5298.1,99.82,17.19,2.07,5.61,-1.43,1.78,-0.31,1.35,183.62,0.1,0.12,0.24,0.16,0.63,1.96,3.78,84.81,99.55,18.96,1.7
